Sample_ID;Cure_time_s;Tg_K;Peak_postpol_K
250901TMPTMA;600;318,63;447,51
250901HEMA;60;out_of_range;450,59
250901HEMA;180;321,9;443,73
250901PEGDA;10;320,43;401,78
250901PEGDA;30;320,62;392,82
250901PEGDA;600;319,93;381,93
N2509018811;10;out_of_range;450,57
N2509018811;30;out_of_range;522,89
N2509018811;600;out_of_range;438,31
250902TMPTMAHEMA;30;out_of_range;447,47
250902TMPTMAHEMA;60;321,74;439,77
250902TMPTMAHEMA;600;329,26;429,78
250902TMPTMAPEGDA;10;out_of_range;437,6
250902TMPTMAPEGDA;30;319,62;452,53
250902TMPTMAPEGDA;600;327,61;431,31
250902TMPTMA8811;10;out_of_range;469,23
250902TMPTMA8811;600;321,59;434,62
250902HEMAPEGDA;30;out_of_range;432,87
250902HEMAPEGDA;600;323,76;404,48
250902HEMA8811;10;out_of_range;433,37
250902HEMA8811;30;out_of_range;442,44
250902HEMA8811;600;323,12;452,63
250902PEGDA8811;10;out_of_range;447,82
250904TMPTMAHEMAPEGDA;10;out_of_range;438,57
250904TMPTMAHEMAPEGDA;600;323,77;422,29
250904TMPTMAHEMA8811;30;out_of_range;438,57
250904TMPTMAHEMA8811;600;326,29;440,15
250904TMPTMAPEGDA8811;10;out_of_range;454,52
250904TMPTMAPEGDA8811;600;320,11;444,29
250904HEMAPEGDA8811;10;out_of_range;439,6
250904HEMAPEGDA8811;30;out_of_range;437,08
250904HEMAPEGDA8811;600;324,4;424,25
250930TMPTMA1251;15;319,95;447,5
250930TMPTMA1251;30;322,24;441,6
250930TMPTMA1552;15;303,27;458,54
250930TMPTMA1552;30;318,57;445,77
250930TMPTMA1057;15;315,28;440,54
250930TMPTMA1057;30;321,12;437,32
250930HEMA212;15;318,27;460,97
250930HEMA212;30;319,96;442,14
250930HEMA429;15;319,25;447,13
250930HEMA429;30;323,93;440,96
251002TMPTMA1078;200;323,62;456,46
251002TMPTMA1346;20;322,43;450,17
251002TMPTMA1346;200;325,28;454,27
251002TMPTMA689;20;323,09;435,99
251002TMPTMA689;200;326,91;454,91
251002TMPTMA1451;20;319,93;454,99
251002TMPTMA1451;200;323,74;413,75
251002TMPTMA1238;20;321,45;445,95
251002TMPTMA1238;200;324,13;412,47
251002TMPTMA547;35;324,61;414,46
251002TMPTMA547;70;325,92;407,26
251002TMPTMA1044;35;321,46;428,98
251002TMPTMA1044;70;324,63;457,62
251002TMPTMA530;35;323,94;448,94
251002TMPTMA530;70;324,61;417,78
251002TMPTMA813;35;322,94;456,43
251002TMPTMA813;70;323,44;425,78
251002TMPTMA546;35;324,45;417,8
251002TMPTMA546;70;323,46;418,31
251016TMPTMA808;5;out_of_range;434,69
251016TMPTMA808;8;out_of_range;443,11
251016TMPTMA808;10;out_of_range;445,37
251016TMPTMA808;12;out_of_range;447,34
251016TMPTMA808;15;out_of_range;450,68
251016TMPTMA808;20;out_of_range;451,3
251016TMPTMA808;25;out_of_range;441,18
251016TMPTMA808;30;out_of_range;452,45
251016TMPTMA808;45;320,26;434,96
251016TMPTMA808;60;318,61;437,3
251016TMPTMA820;15;out_of_range;434,96
251016TMPTMA820;20;out_of_range;440,8
251016TMPTMA820;25;out_of_range;436,2
251016TMPTMA820;30;out_of_range;437,86
251016TMPTMA820;35;out_of_range;438,64
251016TMPTMA820;40;out_of_range;439,8
251016TMPTMA820;50;out_of_range;438,14
251016TMPTMA820;80;out_of_range;435,67
251016TMPTMA820;100;323,25;427,26
251020TMPTMA829;8;out_of_range;431,82
251020TMPTMA829;10;out_of_range;429,09
251020TMPTMA829;12;out_of_range;434,38
251020TMPTMA829;15;out_of_range;432,27
251020TMPTMA829;20;out_of_range;434,58
251020TMPTMA829;25;313,36;433,92
251020TMPTMA829;30;320,55;436,56
251020TMPTMA829;45;323,74;437,11
251020TMPTMA829;60;320,12;461,6
251020TMPTMA1201;15;out_of_range;434,13
251020TMPTMA1201;20;323,28;437,69
251020TMPTMA1201;30;320,93;438,85
251020TMPTMA1201;35;322,09;438,65
251020TMPTMA1201;40;318,38;436,15
251020TMPTMA1201;60;321,78;438,32
251020TMPTMA1201;80;318,92;432,8
251020TMPTMA1201;100;327,13;438,63
251021HEMA3207;60;out_of_range;439,14
251021HEMA3207;90;327,26;434,13
251021HEMA3207;120;329,29;436,31
251021HEMA3207;150;328,06;437,59
251021HEMA3207;180;326,39;433,6
251021HEMA3207;210;330,23;437,41
251021HEMA3207;240;331,13;417,97
251021HEMA3207;300;330,17;419,68
251021TMPTMA1585;15;317,99;435,79
251021TMPTMA1585;20;317,43;442,33
251021TMPTMA1585;25;319,61;438,35
251021TMPTMA1585;30;320,94;442,66
251021TMPTMA1585;60;320,91;440,35
251021TMPTMA1585;80;319,02;439,76
251021TMPTMA1585;100;327,02;439,23
251022TMPTMA458;15;out_of_range;430,74
251022TMPTMA458;20;out_of_range;435,03
251022TMPTMA458;25;out_of_range;435,55
251022TMPTMA458;30;out_of_range;435,35
251022TMPTMA458;35;out_of_range;424,19
251022TMPTMA458;40;out_of_range;430,18
251022TMPTMA458;50;out_of_range;426,51
251022TMPTMA458;60;out_of_range;413,3
251022TMPTMA458;80;329,07;411,27
251022TMPTMA458;100;331,35;403,86
251022TMPTMA2009;15;out_of_range;449,37
251022TMPTMA2009;20;out_of_range;459,99
251022TMPTMA2009;25;out_of_range;454,33
251022TMPTMA2009;30;out_of_range;443,11
251022TMPTMA2009;35;out_of_range;448,44
251022TMPTMA2009;40;out_of_range;448,53
251022TMPTMA2009;50;out_of_range;442,11
251022TMPTMA2009;60;out_of_range;442,65
251022TMPTMA2009;80;out_of_range;443,62
251022TMPTMA2009;100;326,26;445,42
N25102888112801;8;out_of_range;449,56
N25102888112801;10;out_of_range;446,54
N25102888112801;15;out_of_range;456,11
N25102888112801;30;out_of_range;448,13
N25102888112812;8;out_of_range;457,2
N25102888112812;10;out_of_range;465,81
N25102888112812;15;out_of_range;453,68
N25102888112812;30;out_of_range;465,62
N25102888112834;8;out_of_range;437,52
N25102888112834;10;out_of_range;442,98
N25102888112834;15;out_of_range;446,6
N25102888112834;30;out_of_range;450,62
N25102888112836;8;out_of_range;460,65
N25102888112836;12;out_of_range;453,82
N25102888112836;15;out_of_range;453,17
N25102888112836;30;out_of_range;449,64
251028HEMA816;8;out_of_range;443,91
251028HEMA816;15;319,91;445,29
251028HEMA816;30;321,07;464,15
251028HEMA806;8;out_of_range;444,92
251028HEMA806;10;out_of_range;445,23
251028HEMA806;15;303,44;450,19
251028HEMA806;30;303,42;448,97
251029HEMA2830;16;out_of_range;440,11
251029HEMA2830;25;out_of_range;439,52
251029HEMA2830;35;out_of_range;440,71
251029HEMA2830;50;out_of_range;433,58
251029HEMA2815;25;out_of_range;441,75
251029HEMA2815;35;out_of_range;438,66
251029HEMA2815;40;out_of_range;441,01
251029HEMA2815;45;out_of_range;444,79
251029HEMA2787;18;307,75;436,79
251029HEMA2787;25;328,52;440,52
251029HEMA2787;35;331,13;445,33
251029HEMA2787;45;332,47;446,66
251029HEMA2792;25;out_of_range;437,46
251029HEMA2792;30;out_of_range;437,5
251029HEMA2792;40;out_of_range;442,02
N25103188112807;8;out_of_range;445,44
N25103188112807;10;out_of_range;443,95
N25103188112807;15;out_of_range;447,86
N25103188112807;30;out_of_range;447,13
N25103188112823;8;out_of_range;456,53
N25103188112823;10;out_of_range;456,78
N25103188112823;15;out_of_range;456,16
N25103188112823;30;out_of_range;452,75
251031TMPTMA2847;8;out_of_range;448,35
251031TMPTMA2847;10;out_of_range;449,51
251031TMPTMA2847;30;out_of_range;465,93
251031TMPTMA2847;35;out_of_range;438,16
251031TMPTMA2862;8;out_of_range;437,26
251031TMPTMA2862;10;out_of_range;437,52
251031TMPTMA2862;15;out_of_range;442,15
251031TMPTMA2862;30;329,82;449,61
251031TMPTMA2817;10;out_of_range;445,37
251031TMPTMA2817;30;out_of_range;457,59
251031PEGDA2851;8;out_of_range;424,46
251031PEGDA2851;10;out_of_range;430,26
251031PEGDA2851;15;out_of_range;433,76
251031PEGDA2851;25;out_of_range;428,39
251103PEGDA420;8;out_of_range;454,57
251103PEGDA420;10;out_of_range;451,32
251103PEGDA420;15;out_of_range;450,43
251103PEGDA420;30;319,75;444,83
251103HEMA793;8;out_of_range;447,67
251103HEMA795;8;out_of_range;444,92
251103HEMA795;10;out_of_range;444,13
251103HEMA795;15;out_of_range;453,32
251103HEMA795;30;out_of_range;454,68
251103HEMA418;8;out_of_range;449,46
251103HEMA418;15;out_of_range;451,54
251103HEMA418;30;out_of_range;458,47

